first_name,surname,streetaddress address address1,city,state province,zipcode portal_code,country,phone telephone telephonenumber,email,company organisation
Louw,Spekman,Bissingzeile 34,Helgoland,SH,27498,DE,04725 43 07 54,LouwSpekman@pookmail.com,FamilyMart
Mohamad,Stet,Talmastraat 199,Dieren,GE,6952 EP,NL,06-15158559,MohamadStet@mailinator.com,Stratagee
Dominik,Beyer,Plasseweg 151,Waarde,ZE,4414 NC,NL,06-92938366,DominikBeyer@trashymail.com,A+ Investments
Dirk,Eichel,Andrej Sacharovstraat 161,Purmerend,NH,1447 ZD,NL,06-69010997,DirkEichel@mailinator.com,Knockout Kickboxing
Marco,Duerr,Meuleveldlaan 131,Venlo,LI,5926 SB,NL,06-63916601,MarcoDuerr@spambob.com,Farrell's Ice Cream Parlour
Ute,Schiffer,Heiligengeistbrücke 62,Dinkelsbühl,BY,91550,DE,09851 56 29 90,UteSchiffer@mailinator.com,Grade A Investment
Billie,Westerhuis,Flotowstr. 23,Hettstedt,ST,06323,DE,03476 41 27 67,BillieWesterhuis@mailinator.com,The Network Chef
Sarah,Kuester,Borstelmannsweg 68,Altenstadt,BY,92661,DE,09602 66 95 91,SaraKuester@trashymail.com,Big Star Markets
Sabrina,Loewe,Van Ewsumlaan 187,Coevorden,DR,7742 XW,NL,06-35684773,SabrinaLoewe@pookmail.com,Burstein-Applebee
Laura,Duerr,Landsberger Allee 57,München,BY,80099,DE,089 37 25 64,LauraDuerr@dodgit.com,Integra Investment Service
Mathias,Meyer,Karekietstraat 126,Zwartsluis,OV,8064 CX,NL,06-90236766,MathiasMeyer@dodgit.com,Target Source
Tijm,Keller,Scharnweberstrasse 93,Mannheim Blumenau,BW,68307,DE,06211 68 79 95,TijmKeller@mailinator.com,Zig Zag Children Clothes
Lea,Gerste,Straatweg 110,Rotterdam,ZH,3051 BJ,NL,06-25351410,LeaGerste@spambob.com,Wealth Zone Group
Martin,Pfeffer,Chausseestr. 23,Ellerau,SH,25479,DE,04106 68 07 46,MartinPfeffer@trashymail.com,Al's Auto Parts
Ulrike,Abt,An der Alster 32,Altmersleben,ST,39624,DE,039080 32 30,UlrikeAbt@mailinator.com,Gold Touch
Zoubida,van Rooij,Meijgraaf 79,Schijndel,NB,5481 GA,NL,06-81560897,ZoubidavanRooij@spambob.com,Oranges Records & Tapes
Maylin,Hettema,Albert van Dalsumlaan 86,Amstelveen,NH,1187 RM,NL,06-11272206,MaylinHettema@dodgit.com,MagnaSolution
Ruwan,Bechan,Langenhorner Chaussee 70,Siegsdorf,BY,83310,DE,08662 76 95 74,RuwanBechan@mailinator.com,Vitamax Health Food Center
Marco,Beich,Dorpshaven 169,Numansdorp,ZH,3281 HB,NL,06-59134371,MarcoBeich@spambob.com,Frame Scene
Karin,Busch,Rhinstrasse 32,München,BY,80974,DE,089 85 16 86,KarinBusch@trashymail.com,Specialty Restaurant Group
Mathias,Müller,Pappelallee 31,Brand-Erbisdorf,SN,09618,DE,037322 41 97,MathiasMuller@spambob.com,Vibrant Man
Suleyman,van Beusichem,Kieler Strasse 96,Waldkirchen,BY,94062,DE,08581 67 57 17,SuleymanvanBeusichem@pookmail.com,Record Town
Nicole,Diederich,Van Oosterzeestraat 184,Tilburg,NB,5012 KN,NL,06-91473855,NicoleDiederich@pookmail.com,CompuAdd
Nanja,van Yperen,Achterzeedijk 184,Barendrecht,ZH,2992 SC,NL,06-10665081,NanjavanYperen@spambob.com,Penn Fruit
Delany,Bloemendaal,Schönwalder Allee 70,Büdelsdorf,SH,24782,DE,04331 62 99 16,DelanyBloemendaal@dodgit.com,Target Source
Jannah,Hofmeester,Hollander Strasse 26,Buseck,HE,35418,DE,06408 51 21 00,JannahHofmeester@mailinator.com,Pro-Care Garden Maintenance
Christine,Trommler,Güntzelstrasse 38,Damflos,RP,54413,DE,06503 29 12 55,ChristineTrommler@mailinator.com,Morville
Martin,Bumgarner,Lange Strasse 64,München,BY,81809,DE,089 39 35 79,MartinBumgarner@mailinator.com,Williams Bros.
Emil,Baeten,Prinses Marijkestraat 130,Muiden,NH,1398 CL,NL,06-86065481,EmilBaeten@dodgit.com,Geri's Hamburgers
Farshad,Brasser,Bissingzeile 4,Gnarrenburg,NI,27442,DE,04763 24 36 14,FarshadBrasser@mailinator.com,Shoe Kicks
Gabriele,Fisher,Fruitgaard 129,Strijen,ZH,3291 JB,NL,06-93615933,GabrieleFisher@mailinator.com,Quality Realty Service
Sofiane,Schopman,Jac. Ruijsdaelstraat 120,Woerden,UT,3443 TZ,NL,06-70426153,SofianeSchopman@pookmail.com,Consumers Food and Drug
Sky,Wismans,Güntzelstrasse 46,Berscheid,RP,54673,DE,06524 27 35 82,SkyWismans@spambob.com,Video Concepts
Jeffery,Stoelwinder,Schubertlaan 180,Leiden,ZH,2324 CW,NL,06-63781480,JefferyStoelwinder@pookmail.com,Boston Sea Party
Ganesh,Waaijenberg,Lange Strasse 53,Schwarmstedt,NI,29690,DE,0171 45 12 88,GaneshWaaijenberg@dodgit.com,Dick Fischers
Dani,Boldewijn,Leopoldstraße 32,Berlin Frohnau,BE,13467,DE,030 91 44 15,DaniBoldewijn@dodgit.com,Monk House Sales
Katrin,Propst,De Weer 139,Zaandam,NH,1504 AH,NL,06-32545094,KatrinPropst@spambob.com,Pro Star
Martina,Kaiser,Hardenbergstraße 46,Dennweiler-Frohnbach,RP,66871,DE,06381 99 78 87,MartinaKaiser@trashymail.com,Peter Reeves
Philipp,Kappel,Genslerstraße 57,Berlin Schöneberg,BE,10777,DE,030 45 49 23,PhilippKappel@mailinator.com,Brooks Fashions
Meeke,Grootendorst,Gruenauer Strasse 32,Lauenbrück,NI,27389,DE,04180 30 54 58,MeekeGrootendorst@trashymail.com,Earl Abel's
Max,Frankfurter,Büsingstrasse 22,Grafing,BY,85562,DE,08092 90 57 22,MaxFrankfurter@mailinator.com,Weathervane
Candice,van der Knijff,Knesebeckstrasse 22,Schürdt,RP,57632,DE,02685 01 25 99,CandicevanderKnijff@mailinator.com,Pace Membership Warehouse
Irini,Vlastuin,Ramakerstraat 39,Haaksbergen,OV,7482 NE,NL,06-58866433,IriniVlastuin@spambob.com,Thriftway Food Mart
Rinse,Sommer,Langenhorner Chaussee 28,Weng,BY,84187,DE,08702 06 22 81,RinseSommer@trashymail.com,The Flying Bear
Annegreet,Gomez,Luebecker Strasse 76,Roding,BY,93423,DE,09469 25 01 21,AnnegreetGomez@trashymail.com,Adapt
Robin,Schook,Van der Wijckstraat 190,Raalte,OV,8101 EH,NL,06-27990916,RobinSchook@mailinator.com,Star Bright Investment Group
Marcel,Eberhardt,Steegjesdijk 13,Piershil,ZH,3265 AE,NL,06-28388668,MarcelEberhardt@mailinator.com,Knox Lumber
Simone,Brauer,Noordkaap 59,Anna Paulowna,NH,1761 HW,NL,06-13573441,SimoneBrauer@dodgit.com,Widdmann
Asmaa,Haakman,Maasstraat 31,Amsterdam,NH,1078 HK,NL,06-61497527,AsmaaHaakman@dodgit.com,Checker Auto Parts
Felix,Amsel,Messedamm 18,Dresden,SN,01002,DE,0351 28 32 69,FelixAmsel@spambob.com,Listen Up
Lena,Grunewald,Laan van Hilbelink 26,Winterswijk,GE,7101 WH,NL,06-50593112,LenaGrunewald@trashymail.com,Little Tavern
Laura,Grunewald,Landaulettestraat 25,Rotterdam,ZH,3063 NR,NL,06-23680386,LauraGrunewald@pookmail.com,Bodega Club
Mandy,Seiler,Los-Angeles-Platz 21,Norderstedt,SH,22811,DE,040 75 92 76,MandySeiler@pookmail.com,Lindsley's Lumber
Sven,Bosch,Scharnweberstrasse 27,Kahl,BY,63793,DE,06188 29 01 72,SvenBosch@spambob.com,Modern Architecture Design
Nuriye,Cuypers,Doctor S.K. de Waardlaan 8,Grijpskerk,GR,9843 EP,NL,06-52271129,NuriyeCuypers@mailinator.com,Shoe Pavilion
Ben,Zomer,Meininger Strasse 55,Niederhambach,RP,55767,DE,06787 57 28 94,BenZomer@dodgit.com,Playworld
Leah,Weiss,Bocholtsestraatweg 180,Aalten,GE,7121 GB,NL,06-26087623,LeahWeiss@trashymail.com,Fit Tonic
Francesca,Disseldorp,Klarendalseweg 117,Arnhem,GE,6822 GP,NL,06-58587175,FrancescaDisseldorp@trashymail.com,Listen Up
Sven,Bumgarner,Toussaintstraat 167,Rotterdam,ZH,3027 XV,NL,06-54439430,SvenBumgarner@dodgit.com,Fragrant Flower Lawn Services
Benjamin,Zweig,Buelowstrasse 81,Seck,RP,56479,DE,02663 10 99 65,BenjaminZweig@spambob.com,Quality Event Planner
Sandra,Koertig,Rondweg 13,Aadorp,OV,7611 BP,NL,06-60037108,SandraKoertig@dodgit.com,Blue Boar Cafeterias
Arzu,Horsten,Bombeydaal 136,Maastricht,LI,6228 GT,NL,06-26243078,ArzuHorsten@dodgit.com,National Record Mart
Mathias,Abendroth,Slatweg 197,Hall,GE,6964 AD,NL,06-57222317,MathiasAbendroth@spambob.com,Brooks Fashions
Milou,Ringelberg,Soerenseweg 15,Apeldoorn,GE,7314 CA,NL,06-87206977,MilouRingelberg@trashymail.com,Sam Goody
Matthias,Freeh,Rhijnauwensingel 10,Rotterdam,ZH,3077 VA,NL,06-22174092,MatthiasFreeh@pookmail.com,Techo Solutions
Nivard,de Bruyn,Luxemburgsestraat 36,Zwijndrecht,ZH,3332 EK,NL,06-56554120,NivarddeBruyn@spambob.com,Maurice The Pants Man
Stephanie,Farber,Kieler Strasse 84,Garching,BY,84518,DE,08623 24 23 00,StephanieFarber@trashymail.com,Courtesy Hardware Store
Maris,de Kam,Jenaer Strasse 21,Essen,NW,45257,DE,0201 00 19 50,MarisdeKam@mailinator.com,MacMarr Stores
Robrecht,van Plateringen,Wielewaal 101,Bladel,NB,5531 LJ,NL,06-32136396,RobrechtvanPlateringen@dodgit.com,Rainbow Life
Iemke,Baas,Brandenburgische Straße 95,Berlin Lichterfelde,BE,12209,DE,030 56 92 27,IemkeBaas@spambob.com,Sunny Real Estate Investments
Dirk,Schroeder,Park Str. 73,Solingen Ohligs/ Aufderhöhe,NW,42697,DE,0212 70 67 74,DirkSchroeder@spambob.com,Lawn N' Order Garden Care
Jens,Herzog,De Eenhoorn 81,Oosterblokker,NH,1696 CJ,NL,06-50186062,JensHerzog@pookmail.com,Laughner's Cafeteria
Dion,van der Leeuw,Ellmenreichstrasse 55,Harsdorf,BY,95499,DE,09203 22 73 68,DionvanderLeeuw@dodgit.com,Big Apple
Nicoline,Egberink,Joachimstaler Str. 82,Gemünden,BY,97737,DE,06765 49 14 71,NicolineEgberink@spambob.com,Fradkin Brothers Furniture
Silke,Hoffmann,Invalidenstrasse 26,Böbingen,BW,73560,DE,06327 83 42 92,SilkeHoffmann@spambob.com,Media Play
Juliane,Wulf,Emmerseweg 56,Haghorst,NB,5089 NB,NL,06-60294654,JulianeWulf@dodgit.com,Destiny Realty Solutions
Tim,Trommler,Koningsspoor 171,Houten,UT,3994 AG,NL,06-62824104,TimTrommler@trashymail.com,Integra Investment Service
Ulrich,Blau,Alsterkrugchaussee 55,Wilhermsdorf,BY,91450,DE,09102 84 31 19,UlrichBlau@dodgit.com,Pace Membership Warehouse
Monika,Reiniger,Hasselaarsweg 41,Heerhugowaard,NH,1704 DW,NL,06-16766848,MonikaReiniger@spambob.com,Planet Profit
Ulrike,Frei,Huygensstraat 22,Rotterdam,ZH,3027 VP,NL,06-14824782,UlrikeFrei@dodgit.com,Allied City Stores
Leonie,Klug,Piet Wiedijkstraat 155,Amsterdam,NH,1068 NV,NL,06-62682575,LeonieKlug@mailinator.com,Vitamax Health Food Center
Angeline,Reijmers,Lage Frontweg 87,Maastricht,LI,6219 PD,NL,06-33539396,AngelineReijmers@pookmail.com,Record World
Diana,Beckenbauer,Kurfürstenstraße 1,Hattenhofen,BY,82285,DE,07164 69 63 44,DianaBeckenbauer@pookmail.com,Mr. Steak
Mike,Dreher,Langenhorner Chaussee 48,Ainring,BY,83404,DE,08654 88 19 32,MikeDreher@mailinator.com,The Original House of Pies
Vanessa,Grunewald,Jahnstrasse 75,Bruckberg,BY,84077,DE,08086 40 27 64,VanessaGrunewald@spambob.com,Zany Brainy
Jordie,Langen,De Zool 51,Dongen,NB,5107 RB,NL,06-52367635,JordieLangen@pookmail.com,Tower Records
Jennifer,Krueger,Hochstrasse 42,List,SH,25989,DE,04651 16 44 15,JenniferKrueger@spambob.com,Colonial Stores
Marco,Drechsler,Rudower Chaussee 32,Lübeck,SH,23510,DE,01805 40 62 28,MarcoDrechsler@trashymail.com,Infinite Wealth Planners
Joannes,Nieuwdorp,Meinekestraße 4,Bodensee,NI,37434,DE,05507 98 81 62,JoannesNieuwdorp@mailinator.com,Heslop's
Gillian,Owusu,Moleneind Noordzijde 1,Drachten,FR,9203 ZP,NL,06-22583296,GillianOwusu@trashymail.com,Leo's Stereo
Kristian,Wannemaker,Lodesteijnstraat 19,Wassenaar,ZH,2241 JP,NL,06-73939373,KristianWannemaker@trashymail.com,Garden Master
Ralf,Meister,Hans-Grade-Allee 6,Freienwill,SH,24991,DE,04602 07 38 46,RalfMeister@pookmail.com,Hamady Bros. Supermarkets
Chermaine,Römer,Inge Beisheim Platz 76,Elmshorn,SH,25337,DE,04121 47 75 65,ChermaineRomer@dodgit.com,Source Club
Lisa,Hofmann,Schmarjestrasse 40,Zeuthen,BB,15736,DE,033762 79 96,LisaHofmann@mailinator.com,Mighty Casey's
Chris,Boogerd,Kolthofhorst 3,Enschede,OV,7531 EP,NL,06-83557939,ChrisBoogerd@trashymail.com,Pay 'N Pak
Maik,Cole,Reeperbahn 34,Tessin,MV,18193,DE,038205 31 90,MaikCole@spambob.com,De Pinna
Antje,Schwab,Doesburgseweg 195,Wehl,GE,7031 JC,NL,06-32693146,AntjeSchwab@pookmail.com,Karl's Shoes
Tugçe,den Hamer,Ziegelstr. 37,Rotthalmünster,BY,94091,DE,08532 07 64 56,TugcedenHamer@dodgit.com,Afforda
Angélique,Hoeksema,Grote Bos 28,Geldrop,NB,5666 AZ,NL,06-58735969,AngeliqueHoeksema@trashymail.com,Vinyl Fever
Klaus,Dresner,Hartenvier 29,Best,NB,5683 DT,NL,06-66571066,KlausDresner@trashymail.com,Quickbiz
Nicole,Urner,Flotowstr. 37,Sangerhausen,ST,06514,DE,03464 43 91 42,NicoleUrner@pookmail.com,Cal Stereo
Marko,Osterhagen,Lietzensee-Ufer 31,Hoyerswerda,SN,02965,DE,03571 59 05 46,MarkoOsterhagen@trashymail.com,Big Daddy's Restaurants
Jaimy,Nikkels,Gotzkowskystrasse 19,Bretthausen,RP,56479,DE,02667 16 30 09,JaimyNikkels@pookmail.com,Fedco
Ebu,Wemmenhove,Budapester Strasse 24,Wehrbleck,NI,27259,DE,04274 07 96 12,EbuWemmenhove@pookmail.com,The Network Chef
Sebastian,Reiniger,Gubener Str. 25,Hausham,BY,83731,DE,08025 40 16 84,SebastianReiniger@trashymail.com,Harmony House
Matthias,Frei,Den Dilleman 104,Someren,NB,5712 XE,NL,06-85637396,MatthiasFrei@trashymail.com,Edge Yard Service
Steffen,Becker,Vosseveldseweg 23,Ede,GE,6718 ST,NL,06-29070515,SteffenBecker@pookmail.com,Lafayette Radio
Yvonne,Frey,Oldenzaalsestraat 95,Losser,OV,7581 AT,NL,06-35176822,YvonneFrey@pookmail.com,Smitty's Marketplace
Ulrich,Shuster,Laan van Rome 129,Alkmaar,NH,1827 AR,NL,06-43740617,UlrichShuster@pookmail.com,Multicerv
Klaus,Lehrer,Burgemeester Baaslaan 109,Middelburg,ZE,4333 LJ,NL,06-98187658,KlausLehrer@trashymail.com,The Serendipity Dip
Paul,Moeller,Luebecker Strasse 23,Hirschaid,BY,96112,DE,09543 76 57 13,PaulMoeller@mailinator.com,Laura Ashley Mother & Child
Klaus,Bosch,Scheidingsweg 12,Nieuw-Amsterdam,DR,7833 JS,NL,06-55108523,KlausBosch@dodgit.com,Auto Palace
Devi,Vermeulen,Rathausstrasse 73,Donauwörth,BY,86603,DE,0906 87 91 97,DeviVermeulen@spambob.com,Wherehouse Music
Christian,Engel,Brueghelstraat 105,Den Haag,ZH,2525 RL,NL,06-81715382,ChristianEngel@trashymail.com,Greenwich IGA
Annamarie,van Tintelen,Reinwardtstraat 27,Amsterdam,NH,1093 HE,NL,06-31748700,AnnamarievanTintelen@trashymail.com,Buck Alley Lumber
Kerstin,Meier,Hoge Rijndijk 136,Nieuwerbrug,ZH,2415 AE,NL,06-41721419,KerstinMeier@mailinator.com,Magna Solution
Natanja,Bijvank,Schönhauser Allee 34,Lenzkirch,BW,79853,DE,07653 73 86 09,NatanjaBijvank@dodgit.com,Perisolution
Ewan,Driesse,Postweg 49,Kapelle,ZE,4421 PA,NL,06-72176113,EwanDriesse@pookmail.com,Avant Garde Appraisal Group
Dirk,Möller,Augsburger Strasse 21,Eichenbach,RP,53533,DE,02694 45 57 18,DirkMoller@dodgit.com,MVP Sports
Willemina,van der Bruggen,Domela Nieuwenhuislaan 161,Groningen,GR,9722 LJ,NL,06-11289970,WilleminavanderBruggen@mailinator.com,Forth & Towne
Ines,Bosch,Witte Muntstraat 117,Vught,NB,5262 KX,NL,06-99120287,InesBosch@mailinator.com,Farrell's Ice Cream Parlour
Merlyn,Zuidwijk,Ellmenreichstrasse 96,Ahorntal,BY,95491,DE,09202 07 40 38,MerlynZuidwijk@spambob.com,HomeBase
Nick,Kleijn,Schoenebergerstrasse 66,Johanngeorgenstadt,SN,08345,DE,03773 89 51 83,NickKleijn@spambob.com,Eli Moore Inc
Andreas,Wechsler,Noorderdreef 6,Nieuw Vennep,NH,2152 AA,NL,06-68637092,AndreasWechsler@trashymail.com,Deco Refreshments Inc.
Marcel,Brandt,Willem Sluyterstraat 61,Eibergen,GE,7151 VA,NL,06-60698257,MarcelBrandt@pookmail.com,Dahlkemper's
Mike,Farber,Obrechtstraat 126,Leiden,ZH,2324 VN,NL,06-25293549,MikeFarber@spambob.com,Central Hardware
Sjoerd,Idsinga,Spresstrasse 93,Flensburg,SH,24937,DE,0461 49 26 13,SjoerdIdsinga@trashymail.com,Prospa-Pal
Stefanie,Austerlitz,Joachimstaler Str. 99,Keidelheim,RP,55471,DE,06761 04 86 86,StefanieAusterlitz@pookmail.com,You Are Successful
Yvonne,Lehmann,Koekelberg 8,Ulvenhout,NB,4851 PC,NL,06-83977136,YvonneLehmann@pookmail.com,H. J. Wilson & Company
Doreen,Baier,Stoofweg 153,Noordwelle,ZE,4326 SJ,NL,06-84189410,DoreenBaier@spambob.com,Pearl Architectural Design
Anke,Freitag,Wallstrasse 5,Erpel,RP,53579,DE,02644 59 10 48,AnkeFreitag@pookmail.com,Expo Superstore
Peter,Junker,Paul-Nevermann-Platz 68,Euerbach,BY,97502,DE,09726 45 29 12,PeterJunker@trashymail.com,Fireball
Chimène,Wildeboer,Tulpstraat 66,Zeist,UT,3702 VB,NL,06-38087668,ChimeneWildeboer@trashymail.com,Sound Warehouse
Patrick,Gottlieb,Geesterwijckstraat 176,Monster,ZH,2681 GX,NL,06-44122044,PatrickGottlieb@pookmail.com,Waves Music
Max,Austerlitz,Jan van Goyenstraat 44,Waalwijk,NB,5143 JL,NL,06-51583726,MaxAusterlitz@mailinator.com,Handy Dan
Uta,Shuster,Ufnau Strasse 55,Bidingen,BY,87651,DE,08348 24 71 89,UtaShuster@trashymail.com,Custom Lawn Service
Ike,Bosland,Mozartlaan 134,Hazerswoude Rijndijk,ZH,2394 GD,NL,06-57016839,IkeBosland@trashymail.com,Almacs
Levin,Kosten,Puitstraat 110,Hoogvliet,ZH,3192 SH,NL,06-66109817,LevinKosten@dodgit.com,Wellby
Sakine,Juliana,Reeperbahn 56,Schöneck,SN,08259,DE,037467 00 97,SakineJuliana@trashymail.com,Rack N Sack
Katrin,Schuster,Kerkstraat 51,Clinge,ZE,4567 CJ,NL,06-49964043,KatrinSchuster@pookmail.com,Skaggs-Alpha Beta
Şükrü,Suurmond,Eichendorffstr. 17,Mössingen,BW,72116,DE,07473 27 16 91,SukruSuurmond@spambob.com,Grand Union
Philipp,Kortig,Stresemannstr. 23,Merzig,TH,66652,DE,06861 76 56 19,PhilippKortig@trashymail.com,Opticomp
Alexander,Baier,Marseiller Strasse 9,Ettal,BY,82488,DE,08822 56 91 96,AlexanderBaier@spambob.com,Britling Cafeterias
Matthea,Blonk,Elspeterbosweg 128,Vierhouten,GE,8076 RD,NL,06-53484855,MattheaBlonk@trashymail.com,Bumper to Bumper Auto Parts
Wei,Jagroep,Justus van Effenhove 13,Zoetermeer,ZH,2717 VA,NL,06-77982130,WeiJagroep@trashymail.com,Rustler Steak House
Bruce,Duisters,Drossaert Mangelschotstraat 64,Stein,LI,6171 JW,NL,06-29319943,BruceDuisters@dodgit.com,Multi-Systems Merchant Services
Hendrik-Jan,Pieternella,Beeckesteyn 165,Almelo,OV,7608 JJ,NL,06-40890527,Hendrik-JanPieternella@spambob.com,Eagle Food Centers
Max,Kruger,Ziegelstr. 89,Bad Füssing,BY,94068,DE,08537 35 09 15,MaxKruger@pookmail.com,China Coast
Rinke,Lo,Rohrdamm 90,Lage,NI,49828,DE,05202 34 31 33,RinkeLo@pookmail.com,Integra Investment Plan
Klaudia,Aachen,Schipluidenlaan 42,Tilburg,NB,5035 KK,NL,06-47006655,KlaudiaAachen@pookmail.com,Allied Radio
Mike,Eberhardt,Brandenburgische Str 70,Meddersheim,RP,55566,DE,06751 56 74 45,MikeEberhardt@dodgit.com,Strongbod
Jorben,Kindt,Luetzowplatz 19,Echtershausen,RP,54636,DE,06569 17 97 61,JorbenKindt@pookmail.com,Dick Fischers
Dingeman,Tibben,Gendringseweg 196,Aalten,GE,7122 MG,NL,06-85448514,DingemanTibben@trashymail.com,Delchamps
Giovannie,Korving,Slinge 175,Lelystad,FL,8223 EB,NL,06-50681498,GiovannieKorving@spambob.com,Handyman
Perihan,Vermij,Singel 199,Ulrum,GR,9971 CJ,NL,06-16404968,PerihanVermij@dodgit.com,Back To Basics Chiropractic Clinic
Leon,Metzger,Meininger Strasse 27,Merchweiler,TH,66589,DE,06825 51 26 52,LeonMetzger@mailinator.com,Fresh Start
Karlien,Offerman,Paderborner Strasse 9,Langenmosen,BY,86571,DE,08252 56 01 03,KarlienOfferman@dodgit.com,Dee's Drive-In
Mike,Maier,Am Borsigturm 39,Dormagen Stürzelberg,NW,41541,DE,02133 30 78 09,MikeMaier@trashymail.com,Awthentikz
Jens,Kuefer,Lietzenburger Strasse 15,Remscheid Süd,NW,42859,DE,02191 14 90 41,JensKuefer@pookmail.com,Star Interior Design
Dennis,Werfel,Lietzensee-Ufer 96,Nossen,SN,01681,DE,03521 98 47 19,DennisWerfel@trashymail.com,Big Daddy's Restaurants
Lea,Ackermann,Meinekestraße 69,Drebber,NI,49457,DE,05445 15 85 41,LeaAckermann@mailinator.com,Good Times
Jurrian,van der Vlis,Fugger Strasse 55,Niederwerth,RP,56179,DE,0261 65 28 85,JurrianvanderVlis@mailinator.com,New World
Christian,Krüger,Spresstrasse 70,Bielefeld Lämershagen,NW,33699,DE,0521 95 17 63,ChristianKruger@dodgit.com,The Serendipity Dip
Rosella,Ottens,Friedrichstrasse 30,Düsseldorf Derendorf,NW,40476,DE,0211 75 48 37,RosellaOttens@spambob.com,Chandlers
Nini,Veneman,Bergsebaan 199,Heerle,NB,4726 SE,NL,06-28099249,NiniVeneman@mailinator.com,Sammy's Record Shack
Daniela,Reiniger,Achterstraat 84,Almkerk,NB,4286 AJ,NL,06-94657973,DanielaReiniger@mailinator.com,Brendle's
Christy,Slabbekoorn,Landsberger Allee 64,München,BY,80317,DE,089 41 17 30,ChristySlabbekoorn@spambob.com,Handy City
Patrick,Ziegler,Alter Wall 29,Lohr,BY,97801,DE,09352 19 95 88,PatrickZiegler@dodgit.com,Magna Consulting
Pieterdina,Ceelen,Knesebeckstraße 75,Hemer,NW,58675,DE,02372 07 95 24,PieterdinaCeelen@pookmail.com,Eisner Food Stores
Shannen,van de Wiel,Schermerstraat 4,Den Haag,ZH,2533 HA,NL,06-88491442,ShannenvandeWiel@pookmail.com,Piece Goods Fabric
Eltjo,van Loosbroek,Jan ter Gouwweg 170,Naarden,NH,1412 DA,NL,06-87502461,EltjovanLoosbroek@trashymail.com,Acuserv
Yvonne,Ritter,Hardenbergstraße 77,Ulmet,RP,66887,DE,06387 07 99 62,YvonneRitter@dodgit.com,Monk Home Improvements
Pasquale,Roefs,Bleibtreustrasse 37,Paderborn Kernstadt,NW,33104,DE,05254 46 48 44,PasqualeRoefs@pookmail.com,Desert Garden Help
Marie-José,Middeljans,Neuer Jungfernstieg 25,Eggenfelden,BY,84307,DE,08721 90 58 71,Marie-JoseMiddeljans@dodgit.com,Solution Bridge
Melanie,Junker,Pijnenburg 23,Dordrecht,ZH,3328 DC,NL,06-99874642,MelanieJunker@pookmail.com,Megatronic
Teuna,Snippe,Meinekestraße 2,Braunlage,NI,38700,DE,05520 44 54 48,TeunaSnippe@mailinator.com,Flipside Records
Swen,Jaeger,Van Slichtenhorststraat 151,Nijmegen,GE,6524 JL,NL,06-69160629,SwenJaeger@mailinator.com,Jeans Unlimited
Kamal,Dönmez,Rubensstraat 19,Hulst,ZE,4561 KN,NL,06-74710824,KamalDonmez@spambob.com,Buehler Foods
Brigitte,Hartmann,Beeldsnijderstraat 168,Zwolle,OV,8043 CP,NL,06-40279264,BrigitteHartmann@dodgit.com,Fellowship Investments
Andréa,Radstake,Albrechtstrasse 19,Passau,BY,94001,DE,0851 35 29 17,AndreaRadstake@mailinator.com,Music Boutique
Klaus,Weissmuller,Feldstrasse 42,Altenbrak,ST,38889,DE,039456 88 18,KlausWeissmuller@mailinator.com,Service Merchandise
Mandy,Sommer,Molenstraat 48,Appingedam,GR,9901 AC,NL,06-79690222,MandySommer@mailinator.com,Muirhead's
Geeke,Groenen,Mastgatstraat 104,Middelburg,ZE,4335 TK,NL,06-80050480,GeekeGroenen@dodgit.com,Video Concepts
Adrianus,Habers,Jan de Wittestraat 150,Koog aan de Zaan,NH,1541 LC,NL,06-75392869,AdrianusHabers@mailinator.com,Sambo's
Lyon,Rietbroek,Heiligengeistbrücke 8,Geslau,BY,91608,DE,09867 22 56 13,LyonRietbroek@mailinator.com,Mr Fables
Thérèse,Lensen,Paul-Nevermann-Platz 13,Bergrheinfeld,BY,97493,DE,09721 55 66 71,ThereseLensen@spambob.com,Lazysize
Fredrik,Woning,Lützowplatz 47,Binsfeld,RP,54518,DE,06575 87 20 33,FredrikWoning@pookmail.com,Total Yard Management
Lisa,Baier,Mohrenstrasse 24,Untermarchtal,BW,89617,DE,07393 46 96 04,LisaBaier@dodgit.com,Discount Furniture Showcase
Swen,Baumgartner,Fischerinsel 20,Mönchengladbach Pesch,NW,41065,DE,02161 78 63 77,SwenBaumgartner@spambob.com,Royal Gas
Laura,Hertzog,Pieter de Hoochstraat 123,Ommen,OV,7731 MK,NL,06-24895234,LauraHertzog@trashymail.com,Prestigabiz
Nadine,Zimmerman,Jan Evertsenstraat 111,Haarlem,NH,2014 BC,NL,06-61823063,NadineZimmerman@dodgit.com,Standard Food
Harmke,Gouda,Unter den Linden 67,Schwerin,MV,19006,DE,0385 31 50 79,HarmkeGouda@spambob.com,Tower Records
Ahalam,Odink,Buelowstrasse 36,Großseifen,RP,56472,DE,02661 39 74 44,AhalamOdink@trashymail.com,Frank and Seder
Markus,Friedman,Landhausstraße 80,Königs Wusterhausen,BB,15703,DE,03362 11 15 14,MarkusFriedman@mailinator.com,Walt's IGA
Ramzy,Machiels,Eichendorffstr. 52,Aulendorf,BW,88326,DE,07525 32 73 09,RamzyMachiels@trashymail.com,K's Merchandise
Christian,Maurer,De Wolfsputten 87,Helmond,NB,5709 PB,NL,06-62658054,ChristianMaurer@dodgit.com,Asian Plan
Christine,Barth,De Zanden 155,Teuge,GE,7395 PA,NL,06-27313136,ChristineBarth@pookmail.com,Action Auto
Markus,Bach,An der Alster 43,Langenhagen,NI,30851,DE,038736 80 28,MarkusBach@dodgit.com,Rex Audio Video Appliance
Erik,Werner,Scharnweberstrasse 30,Königstein im Taunus,HE,61462,DE,06174 01 41 84,ErikWerner@spambob.com,White Tower Hamburgers
Leon,Baumgaertner,Jenaer Strasse 1,Duisburg,NW,47249,DE,0203 11 96 58,LeonBaumgaertner@spambob.com,Marianne
Jan,Nadel,Weserstraat 123,Assen,DR,9406 VP,NL,06-43192024,JanNadel@mailinator.com,Western Auto
Torsten,Bieber,Slot van Nieuwerkerkstr 132,Haarlem,NH,2034 KK,NL,06-51424599,TorstenBieber@dodgit.com,Best Biz Survis
Yvonne,Fenstermacher,Beukendaal 198,Rotterdam,ZH,3075 LD,NL,06-37477072,YvonneFenstermacher@trashymail.com,Stratabiz
Rivaldo,Brussee,Gubener Str. 88,Holzkirchen,BY,83604,DE,08024 20 15 24,RivaldoBrussee@mailinator.com,National Shirt Shop
Karolin,Herz,Schaarsteinweg 43,Nabburg,BY,92507,DE,09433 81 85 91,KarolinHerz@pookmail.com,Murray's Discount Auto Stores
Daley,Niemeijer,Storkower Strasse 82,Neuwied Torney,RP,56567,DE,02622 98 33 36,DaleyNiemeijer@pookmail.com,Circus World
René,Becker,Waßmannsdorfer Chaussee 87,Strausberg,BB,15337,DE,030 02 87 65,ReneBecker@mailinator.com,Monk Home Improvements
Görkem,van Niekerk,Kanaalstraat 73,Stevensweert,LI,6107 CL,NL,06-88646349,GorkemvanNiekerk@spambob.com,Colonial Stores
Philomena,Schijven,Alsterkrugchaussee 80,Kammerstein,BY,91126,DE,09122 66 40 51,PhilomenaSchijven@spambob.com,Life Plan Counselling
Christien,Bonke,Motzstr. 61,Traisen,RP,55595,DE,06706 15 89 62,ChristienBonke@spambob.com,Johnson's General Stores
Maria,Nadel,Hendrick de Keyserweg 193,Delft,ZH,2612 KE,NL,06-95011883,MariaNadel@trashymail.com,McMahan's Furniture
Patrick,Wirtz,Budapester Strasse 99,Warder,SH,24646,DE,04329 20 61 31,PatrickWirtz@mailinator.com,Coast to Coast Hardware
Erik,Bayer,Fischerinsel 95,Krefeld,NW,47839,DE,02151 92 05 54,ErikBayer@dodgit.com,Heilig-Meyers
Dani,Khan,Feldstrasse 3,Hötensleben,ST,39391,DE,039405 06 99,DaniKhan@dodgit.com,Dick Fischers
Silke,Pabst,Dukdalf 24,Hellevoetsluis,ZH,3224 CB,NL,06-39252335,SilkePabst@pookmail.com,Sunflower Market
Tom,Krüger,Pieter de Hooghstraat 162,s-Hertogenbosch,NB,5212 BS,NL,06-56526154,TomKruger@trashymail.com,Realty Depot
Doreen,Wagner,Leiakker 169,Waarland,NH,1738 AE,NL,06-64196386,DoreenWagner@trashymail.com,Cut Above
Jessika,Hartmann,Hakgriend 24,Hardinxveld-Giessendam,ZH,3371 KA,NL,06-81475883,JessikaHartmann@spambob.com,Cavages
Barbara,Hoch,Marseiller Strasse 34,Böbing,BY,82389,DE,08803 50 75 12,BarbaraHoch@mailinator.com,Golf Augusta Pro Shops
Naïma,Eikelenboom,Zwanenweide 155,Baarn,UT,3742 XW,NL,06-88273773,NaimaEikelenboom@pookmail.com,The Flying Bear
Guy,van der Mooren,Tweede Hogenbanweg 2,Rotterdam,ZH,3042 AW,NL,06-61467569,GuyvanderMooren@trashymail.com,Strategy Planner
Yash,van der Mierden,Herderinnenpad 23,Amersfoort,UT,3813 NK,NL,06-99497188,YashvanderMierden@pookmail.com,Copeland Sports
Manuela,Schweitzer,Alt-Moabit 50,Wildau,BB,15742,DE,03375 63 33 76,ManuelaSchweitzer@dodgit.com,Buckeye Furniture
Simone,Lemann,Rosenstrasse 79,München,BY,81519,DE,089 82 60 96,SimoneLemann@dodgit.com,Sunflower Market
Martino,Koenders,Cannenburg 93,Amsterdam,NH,1081 GT,NL,06-14017697,MartinoKoenders@spambob.com,John M. Smyth's Homemakers
Kerstin,Koertig,Rosenstrasse 7,München,BY,81459,DE,089 83 24 18,KerstinKoertig@dodgit.com,Liberal
Swen,Schwab,Oudedijk 31,Tilburg,NB,5038 VM,NL,06-58677740,SwenSchwab@mailinator.com,Kids Mart
Sven,Schiffer,Esweg 58,Gieten,DR,9461 HP,NL,06-47907646,SvenSchiffer@trashymail.com,National Shirt Shop
Tugce,van der Wagt,Badhuisweg 2,Boskoop,ZH,2771 WC,NL,06-40292975,TugcevanderWagt@dodgit.com,Total Sources
Matthias,Fuchs,Lijsterbeslaan 103,Hilversum,NH,1214 LS,NL,06-25178168,MatthiasFuchs@pookmail.com,The Flying Bear
Dieter,Hoover,Hochstrasse 26,Niebüll,SH,25891,DE,04661 31 86 61,DieterHoover@mailinator.com,Listenin' Booth
Gonca,Molenkamp,Campensedijk 64,Vogelwaarde,ZE,4581 PV,NL,06-95343846,GoncaMolenkamp@dodgit.com,Gamma Grays
Bent,Emmers,Ellmenreichstrasse 39,Pinzberg,BY,91361,DE,09191 01 64 82,BentEmmers@pookmail.com,Warshal's
Sasja,Koene,Vonderweg 82,Eindhoven,NB,5616 RM,NL,06-42093398,SasjaKoene@dodgit.com,National Lumber
Len,Mohr,Weijermanstraat 97,Wassenaar,ZH,2241 BV,NL,06-40703155,LenMohr@mailinator.com,Body Toning
Antje,Weiss,Eedestraat 127,Vlissingen,ZE,4382 GB,NL,06-33720748,AntjeWeiss@trashymail.com,Greyvoid
Phillipp,Dresner,Nolweg 52,Schelluinen,ZH,4209 AW,NL,06-21532281,PhillippDresner@pookmail.com,Eli Moore Inc
Jacobje,van der Ent,Peellaan 49,Oss,NB,5345 NC,NL,06-93714515,JacobjevanderEnt@dodgit.com,Golden's Distributors
Johanna,Schultheiss,Nazarethsteeg 5,Weert,LI,6001 SB,NL,06-45510009,JohannaSchultheiss@pookmail.com,Pro Garden Management
Marcell,Eberhardt,Sonnenallee 12,Freiburg Stadt,BW,79108,DE,0761 05 74 19,MarcelEberhardt@trashymail.com,Hoyden
Noë,Weusten,Kraaienhof 125,Gennep,LI,6591 WJ,NL,06-34088417,NoeWeusten@dodgit.com,Rogers Peet
Brigitte,Durr,Vrouwenzandstraat 1,Purmerend,NH,1443 WH,NL,06-46706299,BrigitteDurr@trashymail.com,Williams Bros.
Sandra,Eichmann,Ufnau Strasse 4,Kaufbeuren,BY,87584,DE,08341 69 33 72,SandraEichmann@dodgit.com,Linens 'n Things
Sophie,Krause,Van Veldekelaan 37,Veenendaal,UT,3906 EK,NL,06-62599544,SophieKrause@trashymail.com,Price Savers
Swen,Duerr,Buelowstrasse 21,Großseifen,RP,56472,DE,02661 58 62 10,SwenDuerr@mailinator.com,L' Fish
Nadine,Eberhardt,Boarnburgumer Heawei 33,De Veenhoop,FR,9215 VW,NL,06-91808587,NadineEberhardt@spambob.com,Sears Homelife
Randolph,van Veenendaal,Tolweg 55,Emst,GE,8166 GN,NL,06-27148640,RandolphvanVeenendaal@mailinator.com,The Warner Brothers Store
Lukas,Schuhmacher,Achterweg 119,Beusichem,GE,4112 JD,NL,06-79228612,LukasSchuhmacher@spambob.com,The Original House of Pies
Fernanda,Sweers,Weerdweg 90,Linne,LI,6067 BN,NL,06-88797917,FernandaSweers@spambob.com,Audio Aid
Dennis,Herzog,Büsingstrasse 75,Dachau,BY,85209,DE,08131 98 88 31,DennisHerzog@trashymail.com,Just For Fun
Marjory,van der Poel,Guesselt 142,Eindhoven,NB,5655 AW,NL,06-99323463,MarjoryvanderPoel@trashymail.com,Total Yard Management
Aysegul,Flantua,Kerklaan 43,Opheusden,GE,4043 ME,NL,06-28899815,AysegulFlantua@dodgit.com,Weatherill's
Mac,Strijk,Pasewalker Straße 21,Oppenweiler,BW,71570,DE,07191 34 96 34,MacStrijk@mailinator.com,Earl Abel's
Alice,Hardy,Güntzelstrasse 90,Mehring,RP,54346,DE,06502 56 91 22,AliceHardy@dodgit.com,Adapt
Leanne,Wessel,Rosenstrasse 94,München,BY,81331,DE,089 27 18 34,LeanneWessel@mailinator.com,The Polka Dot Bear Tavern
René,Kohl,Nuernbergerstrasse 65,Bad Oldesloe,SH,23836,DE,04531 88 90 34,ReneKohl@trashymail.com,Integra Design
Jessin,van Honk,Koepenicker Str. 78,Baumholder,RP,55774,DE,06783 60 12 24,JessinvanHonk@spambob.com,Old America Stores
Jens,Baum,Maaskade 102,Rotterdam,ZH,3071 NL,NL,06-44230257,JensBaum@mailinator.com,Infinity Investment Plan
Virgill,Kilian,Prager Str 82,Röhrmoos,BY,85242,DE,08139 68 35 37,VirgillKilian@trashymail.com,Forum Cafeterias
Karolin,Eiffel,Lange Strasse 82,München,BY,81801,DE,089 03 18 48,KarolinEiffel@mailinator.com,Janeville
Andreas,Eichmann,Straße der Pariser Kommune 45,Münster,NW,48145,DE,0251 82 68 87,AndreasEichmann@pookmail.com,Karl's Shoes
Tanja,Hirsch,Koepenicker Str. 89,Weiden,BY,92604,DE,06785 90 80 50,TanjaHirsch@dodgit.com,Crazy Eddie
Eef,van Dasselaar,Brandenburgische Str. 78,Erlenbach,BY,63906,DE,07132 65 50 75,EefvanDasselaar@trashymail.com,Standard Brands Paint Company
Monika,Koch,Prinses Marijkestraat 149,Muiden,NH,1398 CM,NL,06-56525144,MonikaKoch@pookmail.com,Strawberries
Jessie,Vermulst,Korte Bree 136,Gieten,DR,9461 CG,NL,06-50766190,JessieVermulst@mailinator.com,The Flying Bear
Markus,Kirsch,Augsburger Strasse 66,Ueß,RP,56767,DE,02692 32 16 50,MarkusKirsch@spambob.com,Sunburst Garden Management
Marco,Herrmann,Bayreuther Strasse 55,Reutlingen Lerchenbuckel,BW,72762,DE,071 29 25 77,MarcoHerrmann@mailinator.com,Enviro Architectural Designs
River,Elzenga,Moergestelstraat 42,Almere,FL,1324 XL,NL,06-97649255,RiverElzenga@dodgit.com,Rainbow Records
Lisa,Schultz,Pohlstrasse 78,Hillerse,NI,38543,DE,05373 03 31 31,LisaSchultz@mailinator.com,Golden Dawn
Evelina,van Amstel,Eichendorffstr. 28,Baindt,BW,88255,DE,07502 78 11 88,EvelinavanAmstel@trashymail.com,Omni Tech
Brigitte,Finkel,Irenestraat 199,Beuningen,GE,6641 CN,NL,06-65788162,BrigitteFinkel@pookmail.com,Sambo's
Johanna,Fink,Plutostraat 2,Alphen aan den Rijn,ZH,2402 XK,NL,06-97350433,JohannaFink@dodgit.com,Gold Leaf Garden Management
Franziska,Schuster,Oldambtstraat 198,Assen,DR,9405 EP,NL,06-70449632,FranziskaSchuster@mailinator.com,Grade A Investment
Johanna,Hartmann,Potsdamer Platz 22,Nonnenhorn,BY,88149,DE,08382 29 84 52,JohannaHartmann@trashymail.com,National Lumber
Swen,Eichelberger,Reeperbahn 29,Altenhagen,MV,18469,DE,038292 40 52,SwenEichelberger@mailinator.com,Strongbod
Sieger,Kan,Eikenlaan 67,Hasselt,OV,8061 JD,NL,06-71427780,SiegerKan@mailinator.com,Paul Harris
Youssef,Korver,Doeverensestraat 122,Genderen,NB,4265 JM,NL,06-80390338,YoussefKorver@spambob.com,Seamans Furniture
Damla,de Hoop,Rudolstaedter Strasse 98,Löningen,NI,49624,DE,05964 95 77 27,DamladeHoop@dodgit.com,J. Brannam
Sarah,Gerste,Heinrich Heine Platz 98,Stadtilm,TH,99324,DE,03629 97 47 51,SarahGerste@mailinator.com,Star Interior Design
Johanna,Durr,Alt Reinickendorf 92,Adelsried,BY,86477,DE,08293 82 21 77,JohannaDurr@pookmail.com,MacMarr Stores
Stefan,Gloeckner,Hoog Soeren 100,Hoog Soeren,GE,7346 AJ,NL,06-37661268,StefanGloeckner@trashymail.com,Morrison's Cafeteria
Hülya,te Nijenhuis,Appelaar 139,Oosterhout,NB,4907 KG,NL,06-79279100,HulyateNijenhuis@trashymail.com,Lechters Housewares
Birgit,Duerr,Prinsenhove 191,Middelburg,ZE,4336 HE,NL,06-48754744,BirgitDuerr@mailinator.com,Purity Supreme
Raoel,de Keizer,Storkower Strasse 63,Eitelborn,RP,56337,DE,02620 79 09 05,RaoeldeKeizer@spambob.com,Independent Wealth Management
Sait,van der Tuuk,Friedrichstrasse 56,Oberhausen Stadtmitte,NW,46119,DE,0208 98 43 46,SaitvanderTuuk@trashymail.com,Sure Save
Jan,Kaiser,Charlotte de Bourbonstraat 195,Amsterdam,NH,1055 WT,NL,06-29760699,JanKaiser@spambob.com,Netcom Business Services
Robert,Hoffmann,Mohrenstrasse 87,Winterlingen,BW,72474,DE,07434 21 99 73,RobertHoffmann@mailinator.com,Cut Rite Lawn Care
Dominik,Meister,Genslerstraße 12,Berlin Treptow,BE,12435,DE,030 97 90 48,DominikMeister@dodgit.com,Monk Real Estate Service
Döne,van Krugten,Tagoreplaats 84,Rotterdam,ZH,3069 PD,NL,06-26537580,DonevanKrugten@trashymail.com,One-Up Realtors
Maria,Weiß,Zuiderzeestraatweg 32,Hierden,GE,3849 AC,NL,06-39086045,MariaWeiss@dodgit.com,Farmer Jack
Lukas,Krause,Ansbacher Strasse 8,Lötzbeuren,RP,56843,DE,06543 64 85 28,LukasKrause@mailinator.com,Mission Realty
Ute,Sankt,Snelleloop 191,Heesch,NB,5384 WG,NL,06-90392231,UteSankt@mailinator.com,Miller & Rhoads
Timotheus,Wijffels,Nuernbergerstrasse 54,Altenkrempe,SH,23730,DE,04528 76 72 26,TimotheusWijffels@dodgit.com,Lionel Kiddie City
Warren,Goverde,Watermolen 184,Schagen,NH,1742 KB,NL,06-99392248,WarrenGoverde@spambob.com,Ideal Garden Maintenance
Patrick,Naumann,Dokter Hiemstralaan 182,Gorinchem,ZH,4205 KN,NL,06-37652513,PatrickNaumann@trashymail.com,Sagebrush
Klasina,Ermers,Buelowstrasse 77,Fehl-Ritzhausen,RP,56472,DE,02661 37 86 89,KlasinaErmers@trashymail.com,Harold Powell
Ozlem,Hage,Louise Henriettestraat 17,Den Haag,ZH,2595 TH,NL,06-85051310,OzlemHage@spambob.com,Tweeter
Jenita,Grotenhuis,Motzstr. 11,Wahlheim,RP,55234,DE,06731 02 20 67,JenitaGrotenhuis@spambob.com,Omni Realty
Marie,Koertig,Frankfurter Allee 78,Neu-Ulm,BY,89215,DE,0731 56 27 73,MarieKoertig@mailinator.com,Robert Hall
Vincent,Freriks,Schepenen 52,Hoorn,NH,1625 BL,NL,06-80115145,VincentFreriks@mailinator.com,Road Runner Lawn Services
Antje,Kohler,Contactweg 70,Amsterdam,NH,1014 BJ,NL,06-97842046,AntjeKohler@trashymail.com,Netobill
Marlin,Vermaas,Bosveen 119,Breda,NB,4823 HH,NL,06-94500205,MarlinVermaas@spambob.com,Techo Solutions
Maroeska,Wiggers,Konstanzer Strasse 7,Groß-Zimmern,HE,64846,DE,06071 14 33 55,MaroeskaWiggers@spambob.com,Maxi-Tech
Ulaş,Kamer,Prinses Margrietlaan 170,Egmond aan Den Hoef,NH,1934 EM,NL,06-54525822,UlasKamer@spambob.com,Fellowship Investments
Armin,van Kempen,Heuvelstraat 55,Nistelrode,NB,5388 AB,NL,06-43459994,ArminvanKempen@trashymail.com,Crown Books
Laura,Köhler,Karl-Liebknecht-Strasse 89,Grasberg,NI,28879,DE,04208 60 50 47,LauraKohler@pookmail.com,Ardan's
Paul,Gottschalk,Schimmelpenninckstraat 149,Apeldoorn,GE,7331 SJ,NL,06-66343517,PaulGottschalk@dodgit.com,Envirotecture Design
Katie,Appelo,Alsterkrugchaussee 1,Ammern,TH,99974,DE,09105 46 62 01,KatieAppelo@mailinator.com,Fayva
Kevin,Wulf,Burgemeester Waghtoplein 110,Tholen,ZE,4691 JH,NL,06-96667648,KevinWulf@pookmail.com,Purity Supreme
Jonas,Goldschmidt,Johan Willem Frisolaan 148,Breda,NB,4818 LH,NL,06-24890340,JonasGoldschmidt@pookmail.com,FlowerTime
Gerriëtte,Abee,Landhausstraße 96,Eberswalde,BB,16206,DE,03334 08 09 55,GerrietteAbee@dodgit.com,Steve's Ice Cream
Nick,Schmitt,Singelweg 134,Axel,ZE,4571 KE,NL,06-49710652,NickSchmitt@mailinator.com,Greenwich IGA
Anke,Hoffmann,Kirchenallee 76,Bayerisch Eisenstein,BY,94252,DE,09925 95 23 78,AnkeHoffmann@dodgit.com,Egghead Software
Angelika,Gerste,Potsdamer Platz 35,Lindau,BY,88104,DE,08382 64 11 14,AngelikaGerste@mailinator.com,MacMarr Stores
Davin,van de Walle,Simonszand 88,Delfzijl,GR,9931 AP,NL,06-30653564,DavinvandeWalle@dodgit.com,Yesterday's Records
Stefan,Keller,Alter Wall 93,Miltenberg,BY,63882,DE,09371 00 95 24,StefanKeller@pookmail.com,JumboSports
Tobias,Amsel,Bennebroekweg 104,Zoeterwoude,ZH,2381 BS,NL,06-80701097,TobiasAmsel@mailinator.com,Fireball
Jerney,van Hattum,Zunnebeltweg 6,Zwolle,OV,8034 RD,NL,06-97427859,JerneyvanHattum@mailinator.com,H. J. Wilson & Company
Cihat,Schillings,Dalpad 92,Heerlen,LI,6416 BT,NL,06-61921243,CihatSchillings@trashymail.com,Schweggmanns
Sara,Kuester,Knesebeckstraße 16,Senden,BY,89243,DE,02509 68 90 86,SaraKuester@trashymail.com,Maurice The Pants Man
Djura,Tonkes,Ellmenreichstrasse 96,Kirchenthumbach,BY,91281,DE,09205 91 28 16,DjuraTonkes@dodgit.com,Electric Avenue
Teun,Kruisselbrink,Purmersteenweg 11,Purmerend,NH,1441 DM,NL,06-77021896,TeunKruisselbrink@pookmail.com,John F. Lawhon
Jennifer,Reinhardt,Alsterkrugchaussee 25,Wendelstein,BY,90530,DE,09122 02 23 79,JenniferReinhardt@mailinator.com,Monsource
Jessika,Eisenberg,Hermannstrasse 32,Dielheim,BW,69234,DE,06222 71 15 59,JessikaEisenberg@trashymail.com,Stratagee
Bachir,van Beugen,S.M. Joostenstraat 29,Enschede,OV,7523 VH,NL,06-43212053,BachirvanBeugen@spambob.com,Old America Stores
Jürgen,Baader,Molenstraat 168,Diessen,NB,5087 BN,NL,06-39525666,JurgenBaader@spambob.com,Parts America
Fabiën,Vunderink,Storkower Strasse 2,Oberelbert,RP,56412,DE,02608 23 44 72,FabienVunderink@pookmail.com,Price Club
Christin,Bader,Hallesches Ufer 6,Schlierbach,BW,73278,DE,07021 74 12 22,ChristinBader@spambob.com,County Market
Nadine,Braun,Franckstraat 73,Sint Willebrord,NB,4711 BA,NL,06-12517257,NadineBraun@pookmail.com,Jacobs
Nakita,Bankers,Leopoldstraße 87,Berlin Britz,BE,12349,DE,030 91 93 42,NakitaBankers@trashymail.com,Miller & Rhoads
Jake,Sloothaak,Haven 149,Reduzum,FR,9008 SX,NL,06-81819372,JakeSloothaak@pookmail.com,Camelot Music
Benjamin,Koertig,Sonnenallee 84,Augsburg,BY,86004,DE,0821 67 02 34,BenjaminKoertig@spambob.com,Veramons
Mario,Braun,Esplanade 5,Weilbach,BY,63937,DE,09373 52 62 54,MarioBraun@pookmail.com,Infinite Wealth
Sebastian,Bader,Zandberglaan 11,Den Haag,ZH,2493 BJ,NL,06-85647169,SebastianBader@spambob.com,Maxiserve 
Sunita,Rood,Invalidenstrasse 34,Krähenberg,RP,66894,DE,06337 86 77 71,SunitaRood@trashymail.com,HomeBase
Tijana,Potman,Büsingstrasse 95,Gilching,BY,82205,DE,08105 36 27 20,TijanaPotman@pookmail.com,Fellowship Investments
Laureen,Kaak,Anna Blamansingel 132,Amsterdam-Zuidoost,NH,1102 ST,NL,06-26266081,LaureenKaak@mailinator.com,Linens 'n Things
Everarda,Alles,Doctor van Helvoortstraat 104,Boxtel,NB,5281 BK,NL,06-28847349,EverardaAlles@spambob.com,Kent's
Jonas,Faust,Schoolstraat 50,Almelo,OV,7606 EP,NL,06-90970528,JonasFaust@pookmail.com,Pender's Food Stores
Lode,van Liempt,Pleinstraatje 93,Maasbommel,GE,6627 AB,NL,06-80223643,LodevanLiempt@pookmail.com,Funtown toys
Jennifer,Decker,Elsweg 16,Apeldoorn,GE,7311 GS,NL,06-57515558,JenniferDecker@trashymail.com,Suadela Investment
Laura,Pfeifer,Van Lieshoutstraat 46,Helmond,NB,5708 CE,NL,06-95360118,LauraPfeifer@dodgit.com,Jacobs
Lucas,Probst,Genslerstraße 56,Berlin Tiergarten,BE,10787,DE,030 00 63 48,LucasProbst@pookmail.com,P. Samuels Men's Clothiers
Eloy,Teske,Damsterdiep 160,Groningen,GR,9713 ED,NL,06-58906550,EloyTeske@trashymail.com,Century House
Uta,Eberhart,Kaarder 3,Hoorn,NH,1625 TK,NL,06-31336869,UtaEberhart@dodgit.com,Garden Master
Emmily,Bernadina,Pappelallee 88,Zöblitz,SN,09515,DE,037363 00 22,EmmilyBernadina@pookmail.com,Chargepal
Mavis,Pouwels,Waldowstr. 45,Stödtlen,BW,73495,DE,07961 96 87 23,MavisPouwels@pookmail.com,Midwest TV & Appliance
Yvonne,Duerr,Neue Roßstr. 80,Esslingen Sankt Bernhardt,BW,73732,DE,0711 54 23 24,YvonneDuerr@dodgit.com,Disc Jockey
Lukas,Brauer,Salderes 65,Best,NB,5682 EZ,NL,06-33562189,LukasBrauer@mailinator.com,Witmark
Clasina,Kater,Wagnerstraat 88,Haaksbergen,OV,7482 AX,NL,06-54720570,ClasinaKater@dodgit.com,Handy City
Boaz,van Hell,Potsdamer Platz 55,Wasserburg,BY,83506,DE,08382 50 82 05,BoazvanHell@spambob.com,Happy Family
Yvonne,Gersten,Rudolstaedter Strasse 87,Wielen,NI,49847,DE,05948 99 92 77,YvonneGersten@dodgit.com,Gallenkamp
Jairzinho,Deckers,Alt-Moabit 12,Mittenwald,BY,82478,DE,03375 03 12 23,JairzinhoDeckers@spambob.com,Pro Star Garden Management
Janina,Foerster,Meininger Strasse 54,Neunkirchen Wellesweiler,SL,66539,DE,06821 55 25 36,JaninaFoerster@dodgit.com,Rose Records
Steffen,Baumgaertner,Dennenbosweg 182,Hengelo,OV,7556 CB,NL,06-32458956,SteffenBaumgaertner@pookmail.com,JasmineSola
Roni,Bettink,Lietzenburger Straße 17,Gorleben,NI,29475,DE,05882 33 10 61,RoniBettink@dodgit.com,Old America Stores
Zhen,Cuppen,Albrechtsveld 55,Gouda,ZH,2804 WH,NL,06-22483427,ZhenCuppen@mailinator.com,Modern Realty
Btissame,Saarloos,Horst 87,Lelystad,FL,8225 PA,NL,06-78030499,BtissameSaarloos@pookmail.com,Huyler's
Anna-Sophie,Veth,Mühlenstrasse 52,Bamberg,BY,96003,DE,0951 64 87 25,Anna-SophieVeth@pookmail.com,House Of Denmark
Sandra,Bumgarner,Adenauerallee 7,Mirow,MV,17250,DE,039833 81 38,SandraBumgarner@pookmail.com,Twin Electronics
Lena,van Blokland,Meinekestraße 76,Recke,NW,49509,DE,05453 35 23 03,LenavanBlokland@spambob.com,Fradkin Brothers Furniture
Djino,Kromkamp,Messedamm 20,Dresden,SN,01147,DE,0351 29 26 19,DjinoKromkamp@trashymail.com,Frame Scene
Ulrich,Peters,Hedemannstasse 86,Ostrach,BW,88356,DE,07552 81 55 34,UlrichPeters@spambob.com,Record & Tape Outlet
Woutera,Tigelaar,Haarweg 162,Bergentheim,OV,7691 PS,NL,06-78158471,WouteraTigelaar@dodgit.com,Thorofare
Ihsane,Stark,Oldesloer Strasse 61,Triebes,TH,07948,DE,036622 18 67,IhsaneStark@dodgit.com,Penn Fruit
Karin,Bach,Van Reenenweg 3,Zeist,UT,3702 SC,NL,06-31732236,KarinBach@trashymail.com,Forest City
Floriaan,van der Mei,Brammertstraat 77,Rotterdam,ZH,3084 RV,NL,06-38284753,FloriaanvanderMei@dodgit.com,Jitney Jungle
Mostafa,Tilmans,Lange Strasse 14,Putzbrunn,BY,85637,DE,089 56 15 97,MostafaTilmans@dodgit.com,Lawn N' Order Garden Care
Steffen,Amsel,Kloekhorststraat 71,Amsterdam-Zuidoost,NH,1104 MK,NL,06-69593781,SteffenAmsel@mailinator.com,Omni Tech
Nadine,Klein,Ansbacher Strasse 50,Peterswald-Löffelscheid,RP,56858,DE,06545 07 78 75,NadineKlein@spambob.com,Borders Books
Gretha,van den Boomen,Eichendorffstr. 41,Wörnersberg,BW,72299,DE,07453 73 98 45,GrethavandenBoomen@dodgit.com,Schweggmanns
Paul,Thalberg,Cuneradal 129,Valkenswaard,NB,5551 BP,NL,06-84249493,PaulThalberg@mailinator.com,Lindsley's Lumber
Ralph,Furst,Inge Beisheim Platz 18,Rullstorf,NI,21379,DE,04136 95 29 72,RalphFurst@trashymail.com,Adapt
Ritish,Juliana,Fontenay 18,Tröstau,BY,95709,DE,09232 46 08 42,RitishJuliana@mailinator.com,Sherman's
Alba,Ross,Meinekestraße 42,Holdorf,NI,49451,DE,05494 42 57 30,AlbaRoss@mailinator.com,Ole's
Claudia,Gerste,Kluutweg 12,Almere,FL,1349 RA,NL,06-97803423,ClaudiaGerste@trashymail.com,Back To Basics Chiropractic Clinic
Frank,Ehrlichmann,Kurfuerstendamm 56,Heilbronn Heilbronn,BW,74076,DE,079 75 30 11,FrankEhrlichmann@mailinator.com,Crown Books
Martina,Baumgartner,Potsdamer Platz 37,Markt Rettenbach,BY,87733,DE,08392 82 05 75,MartinaBaumgartner@dodgit.com,Best Products
Scarlett,Koelemeijer,Gubener Str. 82,Rosenheim,BY,83026,DE,08031 83 26 95,ScarlettKoelemeijer@spambob.com,Jewel Mart
Nicolle,Busser,Middelaerstraat 161,Woensdrecht,NB,4634 VL,NL,06-57359605,NicolleBusser@trashymail.com,Monk House Sales
Mario,Shuster,Barbeel 182,Hellevoetsluis,ZH,3225 PC,NL,06-35155616,MarioShuster@dodgit.com,MegaSolutions
Jennifer,Pfeiffer,Fischerinsel 91,Grevenbroich Kapellen,NW,41516,DE,02182 43 94 79,JenniferPfeiffer@dodgit.com,Elm Farm
Margaritha,Helleman,Chopinlaan 198,Terneuzen,ZE,4536 BN,NL,06-25175014,MargarithaHelleman@spambob.com,Life Map Planners
Colette,Mertens,Schoenebergerstrasse 69,Glauchau,SN,08362,DE,03763 67 59 17,ColetteMertens@spambob.com,Irving's Sporting Goods
Kathrin,Baecker,Sint Adelbertusweg 125,Egmond-Binnen,NH,1935 EL,NL,06-41042471,KathrinBaecker@trashymail.com,Sagebrush
Jitske,Lakerveld,Oosterweg 166,Wijchen,GE,6603 AA,NL,06-21539843,JitskeLakerveld@spambob.com,Incluesiv
Dorus,Jongbloed,Meinekestraße 58,Quakenbrück,NI,49610,DE,05431 55 81 40,DorusJongbloed@pookmail.com,Erb Lumber
Catarina,Haringsma,Gubener Str. 26,Emmering,BY,83550,DE,08039 98 43 23,CatarinaHaringsma@dodgit.com,Maxaprofit
Floriaan,de Bree,Konstanzer Strasse 74,Karben,HE,61184,DE,06039 87 07 41,FloriaandeBree@pookmail.com,The Great Train Stores
Jary,Widdershoven,Weststraat 149,Burgh-Haamstede,ZE,4328 AB,NL,06-72677333,JaryWiddershoven@pookmail.com,Profitpros
Rudi,van Kreij,Alt Reinickendorf 52,Obergünzburg,BY,87631,DE,08306 72 53 36,RudivanKreij@spambob.com,Market Basket
Eric,Kuester,Park Str. 62,Düsseldorf Mörsenbroich,NW,40239,DE,0211 24 66 31,EricKuester@trashymail.com,Steak and Ale
Stefan,Eggers,Oosterhoutstraat 126,Almere,FL,1324 ZS,NL,06-27208304,StefanEggers@mailinator.com,Alpha Beta
Indiana,Krieger,Schönwalder Allee 46,Neukirchen,SH,23779,DE,04365 91 30 34,IndianaKrieger@pookmail.com,Enviro Architectural Designs
Katja,Schultz,Benesserlaan 72,Uitgeest,NH,1911 VK,NL,06-74493495,KatjaSchultz@spambob.com,Saturday Matinee
Samina,van Capelleveen,Gilze-Rijenstraat 129,Rotterdam,ZH,3045 PJ,NL,06-66322092,SaminavanCapelleveen@trashymail.com,Multi Tech Development
Cassandra,Huurdeman,Brandenburgische Str. 90,Erlenbach,BY,63900,DE,07132 75 86 22,CassandraHuurdeman@mailinator.com,Brand Names
Michelle,Peters,Lützowplatz 92,Kalenborn-Scheuern,RP,54570,DE,06591 23 48 41,MichellePeters@pookmail.com,Club Wholesale
Felix,Wannemaker,Ellmenreichstrasse 13,Weismain,BY,96260,DE,09220 90 83 95,FelixWannemaker@dodgit.com,Desmonds Formal Wear
Gineke,Prudon,Oldesloer Strasse 50,Schkölen,TH,07617,DE,036694 22 70,GinekePrudon@trashymail.com,Brown Derby
Olof,Scholtus,Hardenbergstraße 73,Bedesbach,RP,66885,DE,06381 73 53 12,OlofScholtus@trashymail.com,Yesterday's Records
Kimberly,van Lopik,Fontenay 81,Pegnitz,BY,91251,DE,09241 98 25 48,KimberlyvanLopik@trashymail.com,Children's Palace
Jaden,van der Rijt,Eikstraat 101,Breda,NB,4814 HL,NL,06-18188399,JadenvanderRijt@dodgit.com,Asian Solutions
Lisa,Finkel,Thorbeckestraat 132,Zevenaar,GE,6904 BT,NL,06-17733440,LisaFinkel@mailinator.com,Mr. D's IGA
Jamairo,Put,Verheeskade 140,Den Haag,ZH,2521 BE,NL,06-55285069,JamairoPut@dodgit.com,Grodins
Christian,Bürger,Lopikerweg Oost 133,Lopik,UT,3411 LZ,NL,06-40458139,ChristianBurger@mailinator.com,Team Designers and Associates
Michael,Ritter,Luetzowplatz 81,Hamm,RP,54636,DE,06569 55 18 93,MichaelRitter@spambob.com,Buck Alley Lumber
Boyke,van der Schans,Gruenauer Strasse 63,Stade,NI,21682,DE,04141 19 09 40,BoykevanderSchans@pookmail.com,Netcom Business Services
Sebastian,Jager,Schönwalder Allee 68,Achterwehr,SH,24239,DE,04340 35 58 51,SebastianJager@pookmail.com,Best Biz Survis
Vienna,de Bruijne,Pasewalker Straße 95,Birkenfeld,BW,75217,DE,07231 59 71 21,ViennadeBruijne@pookmail.com,Buckeye Furniture
Sophie,Nadel,Huibersakker 120,Zaltbommel,GE,5301 WX,NL,06-81397058,SophieNadel@trashymail.com,Dave Cooks
Kürşad,Houtsma,Sander Albertslaan 71,Oosterwolde,FR,8431 AJ,NL,06-58478097,KursadHoutsma@spambob.com,Netobill
Walterus,Manders,Feldstrasse 98,Barby,ST,39246,DE,039298 14 17,WalterusManders@trashymail.com,Karl's Shoes
Marie,Fiedler,Berg en Dalseweg 167,Nijmegen,GE,6522 BW,NL,06-74334822,MarieFiedler@pookmail.com,Jack Lang
Mike,Papst,De Polle 10,Blauwhuis,FR,8615 LT,NL,06-12110297,MikePapst@pookmail.com,Unity Frankford Stores
Pietertje,van Broekhuizen,Potsdamer Platz 18,Oberstaufen,BY,87529,DE,08386 50 82 31,PietertjevanBroekhuizen@dodgit.com,Cougar Investment
Anna,Hueber,Paderborner Strasse 17,Mindelheim,BY,87712,DE,08261 20 33 21,AnnaHueber@pookmail.com,Chief Auto Parts
Christian,Meyer,Kerkstraat 167,Eijsden,LI,6245 CB,NL,06-46365488,ChristianMeyer@trashymail.com,Tianguis
Andreas,Ebersbacher,Talingstraat 199,Delden,OV,7491 ZP,NL,06-62051734,AndreasEbersbacher@spambob.com,Landskip Yard Service
Robert,Kunze,Groote Woldweg 54,Oosterwolde,GE,8097 RN,NL,06-87926143,RobertKunze@spambob.com,Waves Music
Manel,van der Pijl,Talingstraat 46,Foxhol,GR,9607 RR,NL,06-15204083,ManelvanderPijl@trashymail.com,Mikro Designs
Niloufar,Crama,Heemraad 7,Zwijndrecht,ZH,3332 PH,NL,06-51808229,NiloufarCrama@dodgit.com,Kenny Rogers Roasters
Martina,Freitag,Einsteinstraat 29,Kudelstaart,NH,1433 BB,NL,06-51613639,MartinaFreitag@trashymail.com,Signa Air
Lena,Bauer,An Der Urania 99,Ahrenshöft,SH,25853,DE,04846 49 05 03,LenaBauer@trashymail.com,Sanitary Grocery Stores
Tarık,Schaminée,Gerard Noodtstraat 58,Nijmegen,GE,6511 ST,NL,06-72232646,TarkSchaminee@pookmail.com,Personal & Corporate Design
Jörg,Herzog,Walenburgerweg 87,Rotterdam,ZH,3039 AD,NL,06-86467124,JorgHerzog@pookmail.com,The Lawn Guru
Leah,Werner,Rudower Chaussee 88,Bad Kissingen,BY,97670,DE,0971 78 23 66,LeahWerner@spambob.com,J. Brannam
Yu,Schoo,Koepenicker Str. 43,Reitzenhain,RP,56357,DE,06772 76 92 93,YuSchoo@trashymail.com,Funtown toys
Mariano,Kortland,Ringweg Randenbroek 151,Amersfoort,UT,3816 CE,NL,06-32967919,MarianoKortland@dodgit.com,A.J. August Fashion Wear
Kristin,Schreiner,Pappelallee 57,Markneukirchen,SN,08255,DE,037422 20 16,KristinSchreiner@trashymail.com,Parklane Hosiery
Cécile,Luijken,Pieter Jelle Troelstraweg 83,Maassluis,ZH,3144 CX,NL,06-84148164,CecileLuijken@pookmail.com,Rickel
Diandra,Tromp,Buelowstrasse 98,Härtlingen,RP,56459,DE,02663 59 93 30,DiandraTromp@pookmail.com,Wellby
Orrin,Backer,Schillerstrasse 45,Adelzhausen,BY,86559,DE,08208 69 62 37,OrrinBacker@mailinator.com,EXPO Design Center
Sjuul,Reijmer,Stalen Enk 30,Velp,GE,6881 BN,NL,06-46349698,SjuulReijmer@pookmail.com,Furrow's
Robert,Schweizer,Hermannstrasse 13,Heßheim,RP,67258,DE,06233 93 58 82,RobertSchweizer@mailinator.com,Record & Tape Outlet
Martin,Kohler,Hortensiastraat 34,Dedemsvaart,OV,7701 GE,NL,06-76843599,MartinKohler@mailinator.com,Buckeye Furniture
Sarena,van den Heijkant,Vanekerstraat 144,Enschede,OV,7523 HT,NL,06-70376094,SarenavandenHeijkant@trashymail.com,Buena Vista Garden Maintenance
Alida,Hofste,Twente 198,Lelystad,FL,8245 CW,NL,06-63211843,AlidaHofste@mailinator.com,Copeland Sports
Tiziana,Aretz,Mauritssingel 177,Leiderdorp,ZH,2351 EG,NL,06-74725651,TizianaAretz@trashymail.com,Hoyden
Al,Muijtjens,Koenigstrasse 4,Kranichfeld,TH,99446,DE,036450 92 95,AlMuijtjens@spambob.com,Manning's Cafeterias
Fatoumata,van de Weg,Van Boetzelaerlaan 173,Hoogland,UT,3828 NW,NL,06-39274767,FatoumatavandeWeg@trashymail.com,STM Auto Parts
Dominik,Lang,Billwerder Neuer Deich 33,Hof,BY,95005,DE,09281 95 13 43,DominikLang@mailinator.com,Total Serve
Jayden,Coppoolse,Ambtsrichtersveld 84,Apeldoorn,GE,7327 JC,NL,06-65424808,JaydenCoppoolse@trashymail.com,Circus World
Maxim,Huizenga,Brobbelbiesweg 56,Schaijk,NB,5374 SZ,NL,06-81291267,MaximHuizenga@dodgit.com,Total Yard Management
Lukas,Adler,Prager Str 54,Gröbenzell,BY,82180,DE,08142 12 92 25,LukasAdler@mailinator.com,Custom Lawn Care
Benjamin,Jaeger,Lützowplatz 78,Pluwig,RP,54316,DE,06588 41 20 49,BenjaminJaeger@trashymail.com,Sampson's
Mathias,Grunewald,Grosse Praesidenten Str. 61,Krickenbach,RP,67706,DE,06307 24 46 13,MathiasGrunewald@pookmail.com,Linens 'n Things
Leah,Frei,Kreekrakweg 85,Rilland,ZE,4411 SM,NL,06-66525017,LeahFrei@dodgit.com,Wetson's
Diana,Pabst,Rudolstaedter Strasse 79,Friedrichsdorf,HE,61381,DE,06007 93 14 13,DianaPabst@spambob.com,Parade of Shoes
Michelle,Werner,Frankfurter Allee 81,Neu-Ulm,BY,89205,DE,0731 33 30 80,MichelleWerner@pookmail.com,Fit Tonic
Andrea,Grunewald,Heiligengeistbrücke 23,Aurach,BY,91589,DE,09804 96 36 99,AndreaGrunewald@dodgit.com,Giant
Billal,Tuinstra,Tjepmahof 26,Utrecht,UT,3525 CM,NL,06-15344762,BillalTuinstra@mailinator.com,Market Basket
Susanne,Luft,Dalestraat 175,Banholt,LI,6262 NN,NL,06-66583176,SusanneLuft@mailinator.com,Success Is Yours
Annett,Krause,Van Duynhovenlaan 93,Nuenen,NB,5673 AR,NL,06-55899795,AnnettKrause@pookmail.com,Star Assistance
Daniella,Rip,Doctor Noletstraat 106,Schiedam,ZH,3116 BH,NL,06-47091623,DaniellaRip@pookmail.com,Penn Fruit
Jeanette,van de Wege,Kantstrasse 74,Bayreuth,BY,95412,DE,0921 71 77 78,JeanettevandeWege@pookmail.com,Corpbay
Andréas,van der Wees,An der Alster 51,Barkow,MV,18516,DE,038735 02 41,AndreasvanderWees@spambob.com,Corpbay
Sueda,Louwers,Motzstr. 2,Bad Münster am Stein-Ebernburg,RP,55583,DE,06708 78 59 57,SuedaLouwers@dodgit.com,Family Toy
Ute,Burger,Tuindersstraat 8,IJmuiden,NH,1971 ZR,NL,06-97890480,UteBurger@mailinator.com,Balanced Fortune
Morten,de Kruijk,Rathausstrasse 42,Fürth,BY,90727,DE,0911 05 05 07,MortendeKruijk@spambob.com,Custom Sound
Jamiro,Seip,Professor Kouwerstraat 77,Haarlem,NH,2035 CD,NL,06-96960451,JamiroSeip@mailinator.com,Ruehl No. 925
Aynur,Muntslag,Spijperstraat 61,Oudenbosch,NB,4731 SG,NL,06-92203349,AynurMuntslag@spambob.com,De-Jaiz Mens Clothing
Lena,Ebersbacher,Middelweg-West 119,Sint Jacobiparochie,FR,9079 MK,NL,06-91376093,LenaEbersbacher@trashymail.com,Harold's
Manuela,Hartmann,Keizer Karel-V-Straat 27,Sittard,LI,6137 HD,NL,06-70867411,ManuelaHartmann@pookmail.com,Dahlkemper's
Toni,Slenders,Neuer Jungfernstieg 3,Geratskirchen,BY,84552,DE,08724 77 97 89,ToniSlenders@dodgit.com,Kenny Rogers Roasters
Mario,Faber,Berlagestraat 73,Lekkerkerk,ZH,2941 GC,NL,06-60098122,MarioFaber@spambob.com,Ardan's
Andreas,Keller,Schönwalder Allee 17,Blumenthal,ST,39288,DE,04347 49 69 22,AndreasKeller@pookmail.com,Merrymaking
Simone,Cole,Schoneveldsdijk 60,Barchem,GE,7244 RG,NL,06-68323154,SimoneCole@trashymail.com,Gantos
Melanie,Schmitz,Sluis 179,Almere,FL,1357 PB,NL,06-12677167,MelanieSchmitz@dodgit.com,Weenie Beenie
Jörg,Saenger,Spinozalaan 142,Rijnsburg,ZH,2231 SN,NL,06-36688413,JorgSaenger@dodgit.com,Tradewell
Rivano,Broenink,Ottersingel 11,Culemborg,GE,4105 VX,NL,06-20871480,RivanoBroenink@dodgit.com,Chase Pitkin
Claudia,Schuster,Fasanenstrasse 85,Hamburg Osdorf,HH,22547,DE,040 70 80 68,ClaudiaSchuster@mailinator.com,Warner Brothers Studio Store
Leon,Grunwald,Augsburger Straße 14,Hattingen Winz-Baak,NW,45529,DE,02324 38 80 21,LeonGrunwald@mailinator.com,W. Bell & Co.
Benjamin,Schultz,Bokrijkstraat 10,Eindhoven,NB,5628 ZV,NL,06-83657056,BenjaminSchultz@dodgit.com,Carter's Foods
Hillechien,Rijnders,Park Str. 53,Leverkusen,NW,51379,DE,0214 90 80 72,HillechienRijnders@dodgit.com,10000 Auto Parts
Florian,Bik,Hortensiadal 168,Leiden,ZH,2317 HC,NL,06-29481979,FlorianBik@dodgit.com,Kinney Shoes
Ryo,Ruijgrok,Konstanzer Strasse 6,Babenhausen,HE,64832,DE,06073 92 19 28,RyoRuijgrok@dodgit.com,Realty Zone
Julia,Shuster,Luetzowplatz 65,Strohn,RP,54558,DE,06573 96 82 75,JuliaShuster@spambob.com,Licorice Pizza
Guled,Kampen,Inge Beisheim Platz 6,Wittorf,NI,21357,DE,04131 70 54 86,GuledKampen@spambob.com,Buttrey Food & Drug
Raman,Paes,Goltziusstraat 185,Venlo,LI,5911 AT,NL,06-61714855,RamanPaes@dodgit.com,Integra Design
Julia,Meier,Fischerinsel 43,Mönchengladbach Stadtmitte,NW,41063,DE,02161 23 50 71,JuliaMeier@mailinator.com,Colonial Stores
Steffen,Osterhagen,Rijssenseweg 6,Markelo,OV,7475 VC,NL,06-39348162,SteffenOsterhagen@pookmail.com,Robinson Furniture
Ulrike,Herz,Knesebeckstraße 51,Nottuln,NW,48301,DE,02502 05 58 19,UlrikeHerz@spambob.com,Grass Roots Yard Services
Dirk-Jan,Eising,Leopoldstraße 16,Bochum,NW,44892,DE,023 69 76 47,Dirk-JanEising@dodgit.com,Olympic Sports
Fennigje,van Gemert,Esplanade 62,Sinzing,BY,93159,DE,09404 22 55 96,FennigjevanGemert@trashymail.com,Plunkett Home Furnishings
Dennis,Nagel,Pappelallee 31,Nordheim,BY,97334,DE,036944 66 31,DennisNagel@pookmail.com,Midwest TV & Appliance
Vanessa,Frey,Kantstrasse 94,Schwaig,BY,90563,DE,0911 44 00 91,VanessaFrey@dodgit.com,Asian Plan
Nita,Fris,Leppa 41,Drachten,FR,9204 JH,NL,06-34349150,NitaFris@dodgit.com,John M. Smyth's Homemakers
Serina,Vervuurt,Lietzenburger Straße 6,Handrup,NI,49838,DE,05909 91 23 08,SerinaVervuurt@spambob.com,Erol's
Leon,Mauer,De Braam 145,Deventer,OV,7421 CB,NL,06-88327280,LeonMauer@pookmail.com,Twin Electronics
Carli,Ossenblok,Bleibtreustrasse 26,Lauenförde,NI,37697,DE,05273 94 27 55,CarliOssenblok@pookmail.com,Quality Realty Service
Marina,Bayer,Wolfstraat 139,Nijmegen,GE,6531 LK,NL,06-68981763,MarinaBayer@trashymail.com,Zephyr Investments
Heike,Himmel,Hochstrasse 48,Karby,SH,24396,DE,04644 14 05 88,HeikeHimmel@mailinator.com,Rickel
Dyon,van de Wege,Amerikalaan 108,Utrecht,UT,3526 VH,NL,06-77671018,DyonvandeWege@trashymail.com,Fisher Foods
Thomas,Kalb,An Der Urania 9,Büsum,SH,25758,DE,04834 59 66 03,ThomasKalb@pookmail.com,AdventureSports!
Dirk,Theissen,Dorpsstraat 159,Elst,GE,6661 EL,NL,06-87335423,DirkTheissen@trashymail.com,Practi-Plan
Felix,Hofmann,Lietzenburger Strasse 63,Elsdorf,NW,50189,DE,02271 17 07 89,FelixHofmann@pookmail.com,Alladin Realty
Ka,Lek,Jenaer Strasse 61,Duisburg,NW,47198,DE,0203 81 94 92,KaLek@mailinator.com,Asian Answers
Anne,Ebersbacher,Spinet 129,Soest,UT,3766 ZD,NL,06-54514123,AnneEbersbacher@trashymail.com,Simply Appraisals
Sven,Fuhrmann,Lietzenburger Strasse 20,Bruchhausen,RP,53572,DE,02224 34 22 91,SvenFuhrmann@dodgit.com,Sunburst Garden Management
